	Lemma	Fonetisch	Woordsoort	Vormen	Erk	Synoniem of definitie	Voorbeeldzin
de	a	aÀê	znw*	a's; a'tje*	A1	1ste letter van het alfabet	De a van appel of de a van aap?
de	a	aÀê	znw*	a's; a'tje*	B2	‚ô™ la, noot tussen g en b	
	a-	aÀê			B2	niet-	atypisch, asymmetrisch, athe√Øsme
	√†	aÀê	vz*	*	A2*	tot (tussen 2 nummers)	4 √† 5
het	A4'tje	aÀêviÀêrtje	znw		B1	pagina van 21 cm bij 29 cm	Past je hele cv op een A4‚Äôtje?
de	aacht	aÀêxt	znw		C2	onderaardse kruipgang naar een kelderkamer	
het	aagje	aÀêxj…ô	znw		B2	een nieuwsgierig ...	
	aaien	aÀêj…ô(n)	ww*	aai, aaide, geaaid*	A2	met je hand strijken	Ik aai mijn kat over haar buik.
de	aal	aÀêl	znw; znw; znw; znw*	/; /*	C1	paling	
de	aalbes	aÀêlb…õs	znw*	aalbessen; aalbesje*	B2	kleine en glanzende rode bes	Aalbessen zijn fris zuur en combineren goed met yoghurt.
het	aambeeld	aÀêmbeÀêlt	znw*	aambeelden; aambeeldje*	C1	ijzeren blok om werktuigen te smeden	
de	aambeien		znw		B2	opgezwollen bloedvaten bij het rectum	
	aan	aÀên	vz; bnw*	*	A1		Ik geef mijn huiswerk aan de leraar.
	aan	aÀên	vz; bnw*	*	A2	in contact met	Er hangt een poster aan de muur.
	aan	aÀên	vz; bnw*	*	A2	naast, dichtbij	Mijn ouders wonen aan de kust.
	aan	aÀên	vz; bnw*	*	B1	door, met (causaal)	Een kwart van de mensen sterft aan kanker.
	aan	aÀên	vz; bnw*	*	A2	in actieve modus	Staat de tv nog aan? ‚Äî Nee, hij staat uit.
	aan	aÀên	vz; bnw*	*	A2*	in een romantische relatie	Is het nog aan tussen je broer en Kim?
	aanbellen		ww*	aanbel, belde aan, aangebeld*	B1*	bij iemand op de deurbel drukken	
de	aanbesteding		znw*	aanbestedingen; aanbestedinkje*	C1	opdracht van werk waarop mogelijke uitvoerders reageren	
de	aanbetaling		znw*	aanbetalingen; /*	B2*	eerste deel van geld dat je op termijn in stukken betaalt	
	aanbevelen		ww*	beveel aan, beval aan, aanbevolen*	B2*		
de	aanbeveling		znw*	aanbevelingen; /*	B2*		
	aanbidden		ww*	aanbid, aanbad, aanbeden*	B2*		
de	aanbidder		znw*	aanbidders; /*	B2*		
de	aanbidding		znw*	aanbiddingen; /*	B2*		
	aanbieden		ww*	aanbied, bood aan, aangeboden*	A2	hebben; willen geven	De school biedt gratis taalcursussen aan.
de	aanbieding		znw*	aanbiedingen; aanbiedinkje*	B1*		
de	aanblik		znw*	aanblikken; /*	B2*		
het	aanbod		znw*	/; /*	B1	alle opties die je kan krijgen	Er is maar een klein aanbod aan kleurrijke kleding voor mannen.
het	aanbod		znw*	/; /*	B1	iets dat iemand wil geven	Dank u voor het aanbod, maar ik heb al iets gevonden!
de	aanbouw		znw*	aanbouwen; aanbouwtje*	B2*		
	aanbranden		ww*	brand aan, brandde aan, aangebrand*	B1*		
	aanbreken		ww*	aanbreek, aanbrak, aangebroken*	B2	beginnen	De dag is aangebroken.
	aanbreken		ww*	aanbreek, aanbrak, aangebroken*	C1		Hij heeft de fles wijn al aangebroken.
	aanbrengen		ww*	aanbreng, bracht aan, aangebracht*	A2		
de	aandacht		znw*	/; /*	A2	capaciteit om te luisteren/observeren	Grote neonletters trekken de aandacht.
	aandachtig		bnw*	aandachtige; aandachtiger, aandachtigst*	B1*		
het	aandeel		znw*	aandelen; aandeeltje*	B2	bijdrage	Ik vind de les saai, maar mijn docent heeft daar ook een groot aandeel in.
het	aandeel		znw*	aandelen; aandeeltje*	B2	deel van het kapitaal van een bedrijf	Hij heeft aandelen gekocht op de beurs.
de	aandeelhouder		znw*	aandeelhouders; aandeelhoudertje*	B2*		
de	aandeelhoudster		znw*	aandeelhoudsters; /*	B2*		
	aan de hand	ÀåaÀên d…ô Àà…¶…ënt	bw		A2	bezig; gebeurd	
het	aandenken		znw*	aandenkens; /*	B2*		
	aan de slag	ÀåaÀên d…ô Ààsl…ëx	bw		A2	aan het werk	Ik moet weer aan de slag. Tot straks!
zich	aandienen		ww*	dien aan, diende aan, aangediend*	B2*		
	aandoen	aÀêndun	ww*	doe aan, deed aan, aangedaan*	A2	aan het lichaam doen	De kinderen doen hun schoenen aan.
	aandoen	aÀêndun	ww*	doe aan, deed aan, aangedaan*	B1	doen met slecht resultaat voor iemand	Dat wil ik je echt niet aandoen‚Ä¶
	aandoen	aÀêndun	ww*	doe aan, deed aan, aangedaan*	B2	kort bezoeken	Onderweg naar Berlijn doen we Dusseldorf even aan.
de	aandoening		znw*	aandoeningen; aandoeninkje*	B2*	ernstige of chronische ziekte	
	aandoenlijk		bnw*	aandoenlijke; aandoenlijker, aandoenlijkst*	B2*		
de	aandrang		znw*	/; /*	B2*		
	aandringen op		ww				
	aanduiden		ww*	aanduid, duidde aan, aangeduid*	B1	aanwijzen, laten zien	Kan je de dader aanduiden?
	aanduiden		ww*	aanduid, duidde aan, aangeduid*	B1	een taak geven, benoemen	
	aandurven		ww*	durf aan, aandurfde, aangedurfd*	B2*		
	aaneen		bw*	*	B2*		
de	aaneenschakeling		znw*	aaneenschakelingen; /*	B2*		
	aangaan		ww*	aanga, ging aan, aangegaan*	B2*	belangrijk zijn voor	
	aangaan		ww*	aanga, ging aan, aangegaan*	B2*	beginnen	
	aangeboren		bnw*	/; /, /*	B1*	congenitaal, niet geleerd/gekregen	Sommige allergie√´n zijn aangeboren, andere ontwikkel je op latere leeftijd.
	aangedaan		bnw*	aangedane; aangedaner, aangedaanst*	A2*	van: aandoen	
	aangedaan		bnw*	aangedane; aangedaner, aangedaanst*	A2*	emotioneel	
de	aangelegenheid		znw*	aangelegenheden; /*	B2*		
	aangenaam		bnw*	aangename; aangenamer, aangenaamst*	A2	leuk, fijn	Aangenaam kennismaken!
	aangeschoten		bnw*	/; aangeschotener, aangeschotenst*	B1*	een beetje dronken	
	aangeslagen		bnw*	/; aangeslagener, aangeslagenst*	B2*	gechoqueerd en triest	
	aangetrouwd		bnw*	aangetrouwde; /, /*	B2*	deel van de schoonfamilie, familie door te trouwen	
	aangeven		ww*	geef aan, gaf aan, aangegeven*	B1	informatie geven, laten weten	Een verkeersbord geeft de snelheidsgrens aan.
	aangeven		ww*	geef aan, gaf aan, aangegeven*	B1	bij autoriteiten melden	Geef de geboorte van je baby aan in het stadhuis.
	aangeven		ww*	geef aan, gaf aan, aangegeven*	A2	iets geven dat een beetje te ver is	Kan je de ketchup even aangeven?
	aangewezen op		bnw			afhangend van	
	aangezien		ovw*	*	B1	omdat	Aangezien ik geen info heb, kan ik niets doen.
de	aangifte		znw*	aangiftes; /*	B2*		
het	aangiftebiljet		znw*	aangiftebiljetten; aangiftebiljetje*	B2*		
	aangrijpen		ww*	aangrijp, aangreep, aangegrepen*	B2*		
	aangrijpend		bnw*	aangrijpende; aangrijpender, aangrijpendst*	B2*		
	aanhalen		ww*	haal aan, aanhaalde, aangehaald*	B2*		
het	aanhalingsteken		znw*	aanhalingstekens; aanhalingstekentje*	B2*		
de	aanhang		znw*	/; /*	B2*		
	aanhangen		ww*	hang aan, hing aan, aangehangen*	B2*		
de	aanhanger		znw*	aanhangers; aanhangertje*	B1*		
de	aanhanger		znw*	aanhangers; aanhangertje*	B1*	aanhangwagen	
	aanhangig		bnw*	aanhangige; /, /*	B2*		
de	aanhangwagen		znw*	aanhangwagens; aanhangwagentje*	B1*		
	aanhankelijk		bnw*	aanhankelijke; aanhankelijker, aanhankelijkst*	B2*		
de	aanhef		znw*	aanheffen; /*	B2*		
	aanhoren		ww*	aanhoor, aanhoorde, aangehoord*	B2*		
	aanhouden		ww*	aanhoud, hield aan, aangehouden*	B1*		
	aanhoudend		bnw*	aanhoudende; aanhoudender, aanhoudendst*	B2	voortdurend, blijvend, zonder te stoppen	
	aankijken		ww*	aankijk, keek aan, aangekeken*	B1	in de ogen kijken	De leraar keek de student streng aan.
	aankijken op		ww			de schuld geven van	
de	aanklacht		znw*	aanklachten; aanklachtje*	B1*		
	aanklagen		ww*	aanklaag, aanklaagde, aangeklaagd*	B1*		
	aankleden		ww*	kleed aan, aankleedde, aangekleed*	A2	kleren aandoen	Ik kleed me in twee minuten aan.
	aankloppen		ww*	aanklop, klopte aan, aangeklopt*	B1*	op de deur kloppen	
	aankloppen bij		ww			vragen om iets te krijgen	
	aanknopen		ww*	aanknoop, aanknoopte, aangeknoopt*	B1*		
het	aanknopingspunt		znw*	aanknopingspunten; aanknopingspuntje*	B2*		
	aankomen		ww*	kom aan, kwam aan, aangekomen*	A2	arriveren	De trein komt om kwart over vijf aan.
	aankomen		ww*	kom aan, kwam aan, aangekomen*	B1	dikker worden	
	aankomend		bnw*	aankomende; /, /*	B2*	komend; volgend	
de	aankomst		znw*	aankomsten; /*	B1		Je krijgt een PCR-test bij aankomst in het land.
	aankondigen		ww*	kondig aan, aankondigde, aangekondigd*	B2	bekendmaken, openbaar maken	Wanneer heeft ze haar verloving aangekondigd?
de	aankondiging		znw*	aankondigingen; /*	B2	bekendmaking, openbaar bericht	De aankondiging stond in de krant.
de	aankoop		znw*	aankopen; aankoopje*	B2*		
	aankopen		ww*	aankoop, kocht aan, aangekocht*	B2*		
	aankruisen		ww*	kruis aan, kruiste aan, aangekruist*	B1	een X schrijven bij de optie	Kruis alle correcte antwoorden aan.
	aankunnen		ww*	aankan, kon aan, aangekund*	B1*		
de	aanleg		znw*	/; /*	B1	bouw	De aanleg van het fietspad begint in juni.
de	aanleg		znw*	/; /*	B1	talent	Ik heb echt geen aanleg voor talen.
de	aanleiding		znw*	aanleidingen; aanleidinkje*	A2	reden waarom je begint	Hij is vaak boos zonder aanleiding.
de	aanloop		znw*	aanlopen; aanloopje*	B2*	snelle stappen die je neemt voor je springt	
de	aanloop		znw*	aanlopen; aanloopje*	B2*	periode voor je begint	
de	aanloop		znw*	aanlopen; aanloopje*	B2*	bezoek; gasten	
	aanmanen		ww*	aanmaan, maande aan, aangemaand*	B2*		
de	aanmaning		znw*	aanmaningen; aanmaninkje*	B2*		
	aanmelden		ww*	aanmeld, aanmeldde, aangemeld*	A2		
de	aanmelding		znw*	aanmeldingen; /*	B1*		
	aanmerkelijk		bnw*	aanmerkelijke; aanmerkelijker, aanmerkelijkst*	B2*		
de	aanmerking		znw*	aanmerkingen; aanmerkinkje*	B2*		
	aanmoedigen		ww*	aanmoedig, moedigde aan, aangemoedigd*	B1*		
de	aanmoediging		znw*	aanmoedigingen; aanmoedigingetje*	B1*		
	aannemelijk		bnw*	aannemelijke; aannemelijker, aannemelijkst*	B2*		
	aannemen		ww*	neem aan, aannam, aangenomen*	A2	in handen nemen wat je krijgt	
	aannemen		ww*	neem aan, aannam, aangenomen*	B1	als juist accepteren	Ik neem aan dat je komt?
	aannemen		ww*	neem aan, aannam, aangenomen*	A2	werk (een baan/job) geven	Fantastische sollicitatie. We nemen je aan!
de	aannemer		znw*	aannemers; aannemertje*	B1*		
de	aanpak		znw*	aanpakken; aanpakje*	B1*		
	aanpakken		ww*	pak aan, pakte aan, aangepakt*	B1*		
	aanpassen		ww*	pas aan, paste aan, aangepast*	B1	veranderen met een bepaald doel	
zich	aanpassen		ww*	pas aan, paste aan, aangepast*	B1*	evolueren, jezelf veranderen met een bepaald doel	
	aanprijzen		ww*	prijs aan, prees aan, aangeprezen*	B2*		
	aanraden		ww*	aanraad, ried aan, aangeraden*	B1*		
	aanraken		ww*	aanraak, aanraakte, aangeraakt*	A2*		
de	aanraking		znw*	aanrakingen; aanrakinkje*	B2*		
	aanranden		ww*	rand aan, aanrandde, aangerand*	B2*		
de	aanranding		znw*	aanrandingen; aanrandinkje*	B2*		
het	aanrecht		znw*	aanrechten; aanrechtje*	B1*		Maak het aanrecht altijd schoon voor je kookt.
	aanreiken		ww*	aanreik, reikte aan, aangereikt*	B2*		
	aanrichten		ww*	richt aan, richtte aan, aangericht*	B2*		
	aanrijden		ww*	rij aan, reed aan, aangereden*	B1*		
de	aanrijding		znw*	aanrijdingen; aanrijdinkje*	B1*		
	aanschaffen		ww*	aanschaf, aanschafte, aangeschaft*	B2*		
	aanscherpen		ww*	aanscherp, scherpte aan, aangescherpt*	B2*		
	aanschouwen		ww*	aanschouw, aanschouwde, aanschouwd*	B2*		
	aanslaan		ww*	aansla, aansloeg, aangeslagen*	B2*	automatisch beginnen te werken	De centrale verwarming slaat altijd om 6 uur aan.
	aanslaan		ww*	sla aan, aansloeg, aangeslagen*	B2*	populair worden	
de	aanslag		znw*	aanslagen; aanslagje*	B1*		
het	aanslagbiljet		znw*	aanslagbiljetten; aanslagbiljetje*	B2*		
	aansluiten		ww*	sluit aan, sloot aan, aangesloten*	B1	verbinden	
	aansluiten bij		ww			passen/horen bij	
zich	aansluiten bij		ww			volgen, gaan deelnemen	
de	aansluiting		znw*	aansluitingen; /*	B1*	verbinding met een netwerk	
de	aansluiting		znw*	aansluitingen; /*	B1*	contact, gevoel van samenzijn	
de	aansluiting		znw*	aansluitingen; /*	B1*	verbinding met een bus, trein, enz.	
	aanspannen		ww*	span aan, aanspande, aangespannen*	B1*		
	aansporen		ww*	spoor aan, spoorde aan, aangespoord*	B2*		
de	aanspraak		znw*	aanspraken; aanspraakje*	B2*		
	aanspraak maken op						
	aansprakelijk		bnw*	aansprakelijke; aansprakelijker, aansprakelijkst*	B2*	verantwoordelijk	
	aanspreken		ww*	aanspreek, aansprak, aangesproken*	B2*	interessant lijken; leuk gevonden worden	
	aanspreken		ww*	aanspreek, aansprak, aangesproken*	B2*	naar iemand gaan en iets tegen die persoon zeggen	
	aanspreken op		ww			een opmerking geven over (bv. gedrag)	
	aanstaan		ww*	sta aan, stond aan, aangestaan*	B1*		
	aanstaand		bnw*	aanstaande; /, /*	B2*	komend	Ze gaan aanstaande zaterdag trouwen.
	aanstaand		bnw*	aanstaande; /, /*	B2*	die iets gaat worden	Aanstaande ouders maken aan cadeaulijstje voor de baby die komt.
	aanstalten maken		afk*	*	B2*	tonen dat je iets gaat doen	
	aansteken		ww*	aansteek, stak aan, aangestoken*	B1*	doen branden 	
	aansteken		ww*	aansteek, stak aan, aangestoken*	B1*	een ziekte doorgeven	
	aansteken		ww*	steek aan, stak aan, aangestoken*	B1*	als anderen jouw gedrag gaan nadoen	Lode steekt zijn vriendjes aan; het zijn nu allemaal pestkoppen...
de	aansteker		znw*	aanstekers; aanstekertje*	A2*		
	aanstellen		ww*	aanstel, aanstelde, aangesteld*	B1*		
zich	aanstellen		ww*	aanstel, aanstelde, aangesteld*	B1*	raar doen, overdrijven	
de	aanstelling		znw*	aanstellingen; /*	B2*		
de	aanstoot		znw*	/; /*	B1*		
	aanstoot geven						
	aanstoot nemen aan						
	aanstootgevend		bnw*	aanstootgevende; aanstootgevender, aanstootgevendst*	B2*		
	aansturen op		ww				
het	aantal		znw*	aantallen; aantalletje*	A2	hoeveel er zijn	In de tabel staat het aantal studenten per klas.
het	aantal		znw*	aantallen; aantalletje*	A2	enkele, een paar	Ik ga een aantal dagen naar Berlijn.
	aantasten		ww*	aantast, tastte aan, aangetast*	B2*		
	aantekenen		ww*	aanteken, aantekende, aangetekend*	B2*		
de	aantekening		znw*	aantekeningen; aantekeningetje*	B1*		
de	aantijging		znw*	aantijgingen; /*	B2*		
de	aantocht		znw*	/; /*	B2*		
	aantonen		ww*	aantoon, toonde aan, aangetoond*	B2*		
	aantreden		ww*	aantreed, trad aan, aangetreden*	B2*		
	aantreffen		ww*	tref aan, trof aan, aangetroffen*	B1	vinden; tegenkomen	
	aantrekkelijk		bnw*	aantrekkelijke; aantrekkelijker, aantrekkelijkst*	B1	mooi	
	aantrekken		ww*	aantrek, trok aan, aangetrokken*	A2	aandoen (van kleren)	
	aantrekken		ww*	aantrek, aantrok, aangetrokken*	A2*	interessant zijn voor iemand	
	aantrekken		ww*	trek aan, trok aan, aangetrokken*	B1	doen komen (door bv. interesse)	
de	aantrekkingskracht		znw*	aantrekkingskrachten; /*	B2*		
	aanvaardbaar		bnw*	aanvaardbare; aanvaardbaarder, aanvaardbaarst*	B2*		
	aanvaarden		ww*	aanvaard, aanvaardde, aanvaard*	B2	accepteren	Ik aanvaard je excuses niet!
de	aanval		znw*	aanvallen; aanvalletje*	A2		
	aanvallen		ww*	val aan, viel aan, aangevallen*	A2		
de	aanvaller		znw*	aanvallers; aanvallertje*	B2*		
de	aanvang		znw*	/; /*	B2	begin	
	aanvangen		ww*	aanvang, ving aan, aangevangen*	B2	beginnen	
	aanvankelijk		bnw*	aanvankelijke; aanvankelijker, aanvankelijkst*	B2	eerst, in het begin	
de	aanvaring		znw*	aanvaringen; aanvarinkje*	B2*		
	aanvechten		ww*	vecht aan, aanvocht, aangevochten*	B2*		
	aanverwant		znw; bnw*	aanverwante; aanverwanter, aanverwantst*	B2*		
	aanvoelen		ww*	voel aan, aanvoelde, aangevoeld*	B2*		
het	aanvoelen		ww*	voel aan, aanvoelde, aangevoeld*	B2*	instinct	
de	aanvoerder		znw*	aanvoerders; aanvoerdertje*	B1*		
	aanvoeren		ww*	voer aan, aanvoerde, aangevoerd*	B2*		
de	aanvraag		znw*	aanvragen; aanvraagje*	B1*		
	aanvragen		ww*	vraag aan, aanvraagde, aangevraagd*	A2	vragen om te hebben	
	aanvullen		ww*	aanvul, vulde aan, aangevuld*	B1*		
de	aanvulling		znw*	aanvullingen; aanvullinkje*	B2*		
	aanwakkeren		ww*	aanwakker, aanwakkerde, aangewakkerd*	B2*		
	aanwenden		ww*	aanwend, wendde aan, aangewend*	B2*		
zich	aanwennen		ww*	aanwen, wende aan, aangewend*	B2*		
	aanwerven		ww*	aanwerf, wierf aan, aangeworven*	B2*	(BE)	
	aanwezig		bnw*	aanwezige; aanweziger, aanwezigst*	A2		
de	aanwezige		znw*	aanwezigen; /*	B1*		
	aanwijzen		ww*	wijs aan, aanwees, aangewezen*	A2		
de	aanwijzing		znw*	aanwijzingen; aanwijzinkje*	B1		
de	aanwinst		znw*	aanwinsten; aanwinstje*	B2*		
de	aanzet		znw*	aanzetten; aanzetje*	B2*		
	aanzetten		ww*	aanzet, zette aan, aangezet*	B1*	aandoen; in actieve modus zetten	
	aanzetten		ww*	aanzet, zette aan, aangezet*	B1*	komen opdagen (negatief, bv. te laat)	De directeur komt altijd met een hele lijst nieuwe taken aanzetten.
	aanzetten tot		ww			doen beginnen	
	aanzien		ww; znw*	zie aan, zag aan, aangezien*	B2	afwachten	
	aanzien voor		ww			beschouwen als, denken dat 	
het	aanzien		ww; znw*	/; /*	B1	invloed, gezag	Heeft de Nederlandse koning veel aanzien?
het	aanzien		ww; znw*	/; /*	B1	respect dat je voor iemand/iets hebt	Flixbus is in mijn aanzien gestegen‚Ä¶ Er is wifi!
	aanzienlijk		bnw*	aanzienlijke; aanzienlijker, aanzienlijkst*	B1	veel, duidelijk (te zien)	Het nieuwe model is aanzienlijk kleiner.
de	aap		znw*	apen; aapje*	A2*		
de	aard		znw*	/; aardje*	B1	karakter, type	
de	aardappel		znw*	aardappels; aardappeltje*	A1	ü•î bruine groente	Met aardappels maak je frietjes.
de	aardbei		znw*	aardbeien; aardbeitje*	A2*	üçì	
de	aardbeving		znw*	aardbevingen; aardbevinkje*	B1*		
de	aarde		znw*	aardes; /*	A2	wereld; grond	De aarde is rond.
het	aardewerk		bnw; znw*	aardewerken; /*	B2*		
het	aardgas		znw*	aardgassen; /*	B2*		
	aardig		bnw*	aardige; aardiger, aardigst*	A2	vriendelijk	Francis is een aardige man.
	aardig		bnw*	aardige; aardiger, aardigst*	A2*	best, nogal, vrij veel	Je kan al aardig Nederlands!
de	aardolie		znw*	aardoli√´n; /*	B2*		
de	aardrijkskunde		znw*	/; /*	B1*		
	aards		bnw*	aardse; aardser, aardst*	B2*	van op de aarde	
	aarzelen		ww*	aarzel, aarzelde, geaarzeld*	B1	twijfelen, niet weten wat je moet zeggen/doen	
de	aas		znw; znw*	azen; aasje*	B1*	üÇ° 1 of A	
het	aas		znw; znw*	azen; aasje*	B1*	eten (bv. wormen) om vissen te vangen	
het	aas		znw; znw*	azen; aasje*	B1*	prooi, eten voor wilde dieren	
het	abces		znw*	abcessen; abcesje*	B2*		
de	abdij		znw*	abdijen; /*	B2*		
het	abdijbier		znw*	abdijbieren; abdijbiertje*	B2*		
de	abdijkaas		znw				
het	ABN		znw*	/; /*	B2*	oude term voor Standaardnederlands	
	abnormaal		bnw*	abnormale; abnormaler, abnormaalst*	B2*	vreemd, niet normaal	
de	abonnee		znw*	abonnees; abonneetje*	B1*		
het	abonnement		znw*	abonnementen; abonnementje*	B1*		
	abonneren		ww*	abonneer, abonneerde, geabonneerd*	B1*		
de	abortus		znw*	abortussen; /*	B1*		
de	abrikoos		znw; znw*	abrikozen; abrikoosje*	B2*	soort geel, rond fruit	
	abrupt		bnw*	abrupte; abrupter, abruptst*	B2*		
	absent		bnw*	absente; absenter, absentst*	B2*	afwezig	
het	absente√Øsme		znw*	/; /*	B2*	herhaaldelijke of problematische afwezigheid	
	absoluut		bnw*	absolute; absoluter, absoluutst*	A2	helemaal, zeker	Je moet absoluut komen!
	absorberen		ww*	absorbeer, absorbeerde, geabsorbeerd*	B2*		
	abstract		bnw; znw; znw*	abstracte; abstracter, abstractst*	B2*	 niet concreet	
het	abstract	…õp¬≠str…õkt	bnw; znw; znw*	abstracts; /*	C1	samenvatting van een paper	
de	abt		znw*	abten; /*	B2*		
het	abuis		bnw; znw*	abuizen; /*	B2*		
het	ABVV		znw*	/; /*	B2*	BE	
de	academicus		znw*	academici; /*	B2*		
de	academie		znw*	academi√´n; academietje*	B2*		
	academisch		bnw*	academische; academischer, /*	B2*		
het	accent		znw*	accenten; accentje*	B1*	nadruk, klemtoon	
het	accent		znw*	accenten; accentje*	B1*	speciale of karakteristieke uitspraak	
het	accent		znw*	accenten; accentje*	B1*	speciaal teken op/aan een letter	
het	accent aigu		znw*	accents aigus; /*	B2*	¬¥ op √©	
het	accent circonflexe		znw*	accents circonflexes; /*	B2*	^ op √™	
het	accent grave		znw*	accent graves; /*	B2*	` op √®	
	acceptabel		bnw*	acceptabele; acceptabeler, acceptabelst*	B2*		
	accepteren		ww*	accepteer, accepteerde, geaccepteerd*	B1*		
de	acceptgirokaart		znw*	acceptgirokaarten; /*	B2*		
de	accijns		znw*	accijnzen; accijnsje*	B2*		
de	accolade		znw*	accolades; /*	B2*	{ of } 	
de	accommodatie		znw*	accommodaties; /*	B2*		
de/het	accordeon		znw*	accordeons; /*	B2*		
de	accountant		znw*	accountants; /*	B2*		
de	accu		znw*	accu's; accuutje*	B1*		
	accuraat		bnw*	accurate; accurater, accuraatst*	B2*		
	ach		tsw*	*	A2	dit zeg je voor iets jammers of triests	Ach nee, we zijn te laat!
de	achilleshiel		znw*	achilleshielen; achilleshieltje*	C1	zwak punt	
de	achillespees		znw*	achillespezen; achillespeesje*	C1	pees boven je hiel	Ik heb mijn achillespees verrekt met deze slechte loopschoenen...
	acht		znw; tw; znw*	*	A1	8	Drie plus vijf is acht.
de	acht		znw; tw; znw*	achten; achtje*	A2*		
	achteloos		bnw*	achteloze; achtelozer, achteloost*	B2*		
	achten		ww*	acht, achtte, geacht*	B1	vinden; menen	
	achter		bw; vz*	*	A1	‚Üî voor	Zeynep zit achter Laura in de bus.
	achter		bw; vz*	*	A2	na de rest	
	achteraan		bw; vz*	*	B1*	laatste in de rij	
	achteraf		bw*	*	B1	na het einde	
de	achterban		znw*	achterbannen; /*	B2*		
	achterblijven		ww*	blijf achter, bleef achter, achtergebleven*	B1	niet meegaan	
de	achterbuurt		znw*	achterbuurten; achterbuurtje*	B1*		
de	achterdeur		znw*	achterdeuren; achterdeurtje*	B2*		
	achterdochtig		bnw*	achterdochtige; achterdochtiger, achterdochtigst*	B2*		
	achtereen		bw*	*	B2*	de een na de ander (zonder pauze)	
	achtereenvolgend		bnw*	achtereenvolgende; /, /*	B2*	na elkaar	
	achtereenvolgens		bw*	*	B2*	daarna zonder pauze	
	achteren		bw*	*	B2*		
de	achtergrond		znw*	achtergronden; achtergrondje*	A2	context, omgeving van een sc√®ne	
de	achtergrond		znw*	achtergronden; achtergrondje*	B1*	wat er vooraf gebeurd is	
	achterhaald		bnw			ouderwets, clich√©	
	achterhalen		ww*	achterhaal, achterhaalde, achterhaald*	B2*	informatie vinden, te weten komen	
het	achterhoofd		znw*	achterhoofden; achterhoofdje*	B1*		
	achterin		bw*	*	B1*		
de	achterkant		znw*	achterkanten; achterkantje*	A2	‚Üî voorkant	
het	achterkleinkind		znw*	achterkleinkinderen; achterkleinkindje*	B2*		
	achterlaten		ww*	laat achter, achterliet, achtergelaten*	B1*		
	achterliggen		ww*	lig achter, achterlag, achtergelegen*	B2*		
	achterlijk		bnw; znw*	achterlijke; achterlijker, achterlijkst*	B1*		
	achterna		bw*	*	B1*		
de	achternaam		znw*	achternamen; /*	A1	familienaam	Ik ben Steven Vos; Vos is mijn achternaam.
de	achterneef		znw*	achterneven; achterneefje*	B2	neef van je neef/nicht	Toon is mijn achterneef; ik zie hem alleen op grote familiefeesten.
de	achterneef		znw*	achterneven; achterneefje*	B2	jongen met dezelfde overgrootouder	
de	achterneef		znw*	achterneven; achterneefje*	B2	zoon van je neef/nicht	
de	achternicht		znw*	achternichten; achternichtje*	B2	nicht van je neef/nicht	
de	achternicht		znw*	achternichten; achternichtje*	B2	meisje met dezelfde overgrootouder	
de	achternicht		znw*	achternichten; achternichtje*	B2	dochter van je neef/nicht	
	achterop		bw*	*	B1*		
	achterover		bw*	*	B1*		
	achterstaan		ww*	achtersta, stond achter, achtergestaan*	B2*		
	achterstallig		bnw*	achterstallige; achterstalliger, achterstalligst*	B2*		
de	achterstand		znw*	achterstanden; achterstandje*	B1*		
	achterstevoren		bw*	*	B1*		
de	achtertuin		znw*	achtertuinen; achtertuintje*	B2*		
	achteruit		znw; bw*	*	B1		
de	achteruitgang		znw*	achteruitgangen; /*	B2*		
	achtervolgen		ww*	achtervolg, achtervolgde, achtervolgd*	B1*		
de	achtervolging		znw*	achtervolgingen; achtervolginkje*	B1*		
	achterwege		bw*	*	B2*		
het	achterwerk		znw*	achterwerken; achterwerkje*	B2*		
	-achtig						
de	achting		znw*	/; /*	B2*		
	achtste		tw; znw; znw*	*	A2*	8ste	
	achttien		tw*	*	A2*	18	
	achttiende		tw*	*	A2*		
de	acquisitie		znw*	acquisities; /*	B2*		
de	acrobatiek		znw*	/; /*	B2*		
de	act		znw*	acts; actje*	B2*		
	acteren		ww*	acteer, acteerde, geacteerd*	B1*		
de	acteur		znw*	acteurs; acteurtje*	B1*		
de	actie		znw*	acties; actietje*	A2	iets wat je doet	Aldi doet acties op woensdag en zaterdag.
	actief		znw; bnw*	actieve; actiever, actiefst*	A2	niet passief	
de	actiegroep		znw*	actiegroepen; actiegroepje*	B2*		
de	actievoerder		znw*	actievoerders; actievoerdertje*	B2*		
de	activist		znw*	activisten; activistje*	B2*		
de	activiteit		znw*	activiteiten; activiteitje*	A2	situatie waar mensen iets doen	
de	actrice		znw*	actrices; actricetje*	B1*		
de	actualiteit		znw*	actualiteiten; /*	B2*		
	actueel		bnw*	actuele; actueler, actueelst*	B2*		
	acuut		bnw*	acute; acuter, acuutst*	B2*		
het	ACV		znw*	/; /*	B2*	(BE) Algemeen Christelijk Vakverbond	
	A.D.		bw*	*	B2*	anno domini; na Christus	
de	adder		znw*	adders; addertje*	B1*		
de	adel		znw*	/; /*	B1*		
	adellijk		bnw*	adellijke; adellijker, adellijkst*	B2*		
de	adem		znw*	/; adempje*	A2		
	adembenemend		bnw*	adembenemende; adembenemender, adembenemendst*	B2*		
	ademen		ww*	adem, ademde, geademd*	A2		
	ademhalen		ww*	haal adem, ademhaalde, ademgehaald*	B1*		
de	ademhaling		znw*	ademhalingen; /*	B1*		
	adequaat		bnw*	adequate; adequater, adequaatst*	B2*		
de	ader		znw*	aders; adertje*	B1*		
	ADHD		znw*	/; /*	B2*		
	ad hoc		bnw*	/; /, /*	B2*		
het	adjectief		znw; bnw*	adjectieven; adjectiefje*	B1	bv. blauw, mooi, interessant, dik, ‚Ä¶	Adjectieven krijgen soms een -e op het einde.
de	adjunct		znw*	adjuncten; /*	B2*		
de	administratie		znw*	administraties; administratietje*	A2(?)		
	adopteren		ww*	adopteer, adopteerde, geadopteerd*	B1*		
de	adoptie		znw*	adopties; /*	B1*		
	ad rem		bnw*	ad remme; ad remmer, ad remst*	B2*		
het	adres		znw*	adressen; adresje*	A1	waar je woont	Schrijf je naam en adres op dit papier.
	ADSL		znw*	/; /*	B2*		
de	advent		znw*	/; /*	B2*		
de	advertentie		znw*	advertenties; advertentietje*	B1*		
	adverteren		ww*	adverteer, adverteerde, geadverteerd*	B2*		
het	advies		znw*	adviezen; adviesje*	A2	suggestie, idee om iets beter te maken	
	adviseren		ww*	adviseer, adviseerde, geadviseerd*	B1*		
de	adviseur		znw*	adviseurs; adviseurtje*	B1*		
de	advocaat		znw*	advocaten; advocaatje*	A2		
de	advocaat		znw*	advocaten; advocaatje*	A2*	soort alcohol	
de	aerobics		znw*	aerobics; /*	B2*		
de	AEX		znw			Amsterdam Exchanges Index	
	af		bw; vz*	*	A2	klaar	Is je huiswerk al af?
	af		bw; vz*	*	A2	‚Üî op	Timmy, ga die tafel af!
	afbeelden		ww*	afbeeld, afbeeldde, afgebeeld*	B1*		
de	afbeelding		znw*	afbeeldingen; afbeeldinkje*	B2*		
	afblazen		ww*	afblaas, blies af, afgeblazen*	B2*		
de	afbraak		znw*	/; /*	B1*		
	afbreken		ww*	afbreek, afbrak, afgebroken*	B1*		
de	afbreuk		znw*	afbreuken; /*	B2*		
het	afdak		znw*	afdaken; afdakje*	B1*		
	afdalen		ww*	afdaal, daalde af, afgedaald*	B2*		
de	afdaling		znw*	afdalingen; afdalinkje*	B2*		
	afdanken		ww*	afdank, dankte af, afgedankt*	B1*		
	afdekken		ww*	afdek, afdekte, afgedekt*	B1*		
de	afdeling		znw*	afdelingen; afdelinkje*	A2	departement	
	afdingen		ww*	afding, dong af, afgedongen*	B2*		
	afdoen		ww*	doe af, afdeed, afgedaan*	B2*		
	afdoen aan		ww				
	afdrogen		ww*	droog af, afdroogde, afgedroogd*	B1*		
de	afdruk		znw*	afdrukken; afdrukje*	B1*		
	afdrukken		ww*	afdruk, afdrukte, afgedrukt*	B1*		
	afdwingen		ww*	dwing af, dwong af, afgedwongen*	B2*		
	af en toe		bw		A2	soms	
de	affaire		znw*	affaires; affairetje*	B2*		
de	affiche		znw*	affiches; affichetje*	B2*		
	afficheren		ww*	afficheer, afficheerde, geafficheerd*	B2*		
de	affiniteit		znw*	affiniteiten; /*	B2*		
	afgaan		ww*	afga, ging af, afgegaan*	B1*		
	afgaan op		ww				
de	afgang		znw*	afgangen; /*	B2*		
	afgedaan		bnw*	afgedane; /, /*	B2*		
	afgelasten		ww*	gelast af, afgelastte, afgelast*	B2*		
	afgelegen		bnw*	/; afgelegener, afgelegenst*	B2*		
	afgelopen		bnw*	/; /, /*	A2	gedaan	
de	afgevaardigde		znw*	afgevaardigden; /*	B2*		
	afgeven		ww*	geef af, afgaf, afgegeven*	B1*		
	afgeven op		ww				
	afgezaagd		bnw*	afgezaagde; afgezaagder, afgezaagdst*	B2*		
	afgezien van		bnw			behalve, zonder	
de	afgod		znw*	afgoden; afgodje*	B2*		
	afgrijselijk		bnw*	afgrijselijke; afgrijselijker, afgrijselijkst*	B2*		
het	afgrijzen		znw*	/; /*	B2*		
de	afgrond		znw*	afgronden; afgrondje*	B2*		
de	afgunst		znw*	afgunsten; /*	B2*		
het	afhaalrestaurant		znw*	afhaalrestaurants; afhaalrestaurantje*	B2*		
	afhaken		ww*	haak af, haakte af, afgehaakt*	B2*		
	afhandelen		ww*	handel af, handelde af, afgehandeld*	B2*		
	afhangen van		ww		B1	veranderen met	
	afhankelijk		bnw*	afhankelijke; afhankelijker, afhankelijkst*	A2(?)		
	afhankelijk van		afk*	*	B2*		
	afhouden		ww*	afhou, afhield, afgehouden*	B2*		
	afk.		znw*	/; /*	B2*	afkorting	
de	afkeer		znw*	/; /*	B2*		
	afkeuren		ww*	afkeur, afkeurde, afgekeurd*	B1*		
de	afkeuring		znw*	afkeuringen; /*	B2*		
	afkicken		ww*	afkick, kickte af, afgekickt*	B1*		
	afkijken		ww*	kijk af, afkeek, afgekeken*	B1*		
	afknappen op		ww				
de	afknapper		znw*	afknappers; afknappertje*	B2*		
	afkoelen		ww*	afkoel, afkoelde, afgekoeld*	B1*		
	afkomen		ww*	kom af, afkwam, afgekomen*	B2	(BE) bezoeken, langskomen	
	afkomen op		afk*	*	B2*	naartoe komen	
	afkomen van		ww			zorgen dat je het niet meer hebt	
de	afkomst		znw*	afkomsten; afkomstje*	B1*	origine	
	afkomstig uit/van		bnw		A2		
	afkondigen		ww*	afkondig, afkondigde, afgekondigd*	B2*		
de	afkoopsom		znw*	afkoopsommen; afkoopsommetje*	B2*		
de	afkorting		znw*	afkortingen; /*	B1*		
	afleggen		ww*	afleg, legde af, afgelegd*	B1*		
	afleiden		ww*	leid af, afleidde, afgeleid*	B1*		
	afleiden uit		afk*	*	B2*		
de	afleiding		znw*	afleidingen; afleidinkje*	B1*		
	afleren		ww*	leer af, leerde af, afgeleerd*	B1*		
	afleveren		ww*	lever af, afleverde, afgeleverd*	B1*		
de	aflevering		znw*	afleveringen; afleveringetje*	B1*		
de	afloop		znw*	aflopen; /*	A2*		
	aflopen		ww*	afloop, afliep, afgelopen*	A2		
	aflossen		ww*	los af, loste af, afgelost*	B2*		
	afluisteren		ww*	luister af, luisterde af, afgeluisterd*	B1*		
	afmaken		ww*	maak af, maakte af, afgemaakt*	B1	eraan werken tot het klaar is	Ben je klaar? ‚Äî Nee, ik maak het straks af.
de	afmeting		znw*	afmetingen; /*	B2*		
	afnemen		ww*	afneem, nam af, afgenomen*	B2		
	afpakken		ww*	afpak, afpakte, afgepakt*	B1		
	afraden		ww*	afraad, raadde af, afgeraden*	B1*		
de	afrastering		znw*	afrasteringen; /*	B2*		
	afrekenen		ww*	afreken, rekende af, afgerekend*	B1*		
de	afrekening		znw*	afrekeningen; afrekeningetje*	B2*		
	afremmen		ww*	afrem, remde af, afgeremd*	B2*		
	africhten		ww*	richt af, richtte af, afgericht*	B2*		
	Afrika					continent tussen Europa en de Zuidpool (Antarctica)	
	Afrikaans		znw; bnw*	afrikaanse; afrikaanser, afrikaanst*	B2*	uit Afrika	
het	Afrikaans		znw; bnw*	/; /*	B2*	taal van Zuid-Afrika die op Nederlands lijkt	
de	afrit		znw*	afritten; afritje*	B1*		
	afronden		ww*	rond af, afrondde, afgerond*	B2*	stilaan stoppen	
	afronden		ww*	rond af, afrondde, afgerond*	B2*	naar een meer geheel getal gaan	
	afschaffen		ww*	schaf af, schafte af, afgeschaft*	B1*		
het	afscheid		znw*	/; afscheidje*	A2	doei zeggen	
	afscheiden		ww*	afscheid, afscheidde, afgescheiden*	B2*		
zich	afscheiden van		ww				
de	afscheiding		znw*	afscheidingen; afscheidinkje*	B2*		
	afschepen met		ww				
	afschermen		ww*	scherm af, schermde af, afgeschermd*	B2*		
	afschilderen		ww*	schilder af, afschilderde, afgeschilderd*	B2*		
het	afschrift		znw*	afschriften; afschriftje*	B2*		
	afschrijven		ww*	schrijf af, afschreef, afgeschreven*	B2*		
	afschrikken		ww*	afschrik, schrikte af, afgeschrikt*	B2*		
	afschrikwekkend		bnw*	afschrikwekkende; afschrikwekkender, afschrikwekkendst*	B2*		
	afschuiven		ww*	afschuif, schoof af, afgeschoven*	B2*		
de	afschuw		znw*	/; /*	B2*		
	afschuwelijk		bnw*	afschuwelijke; afschuwelijker, afschuwelijkst*	B2*	verschrikkelijk	
	afschuwelijk		bnw*	afschuwelijke; afschuwelijker, afschuwelijkst*	B2*	heel erg (maar negatief)	
	afslaan		ww*	afsla, afsloeg, afgeslagen*	B1*	naar links of rechts gaan	
	afslaan		ww*	sla af, afsloeg, afgeslagen*	B1*	nee zeggen tegen een aanbod	
de	afslag		znw*	afslagen; afslagje*	B1*		
	afslanken		ww*	slank af, afslankte, afgeslankt*	B1*	dunner worden, afvallen	
	afsluiten		ww*	afsluit, afsloot, afgesloten*	B1	stoppen	
	afsluiten		ww*	afsluit, afsloot, afgesloten*	B1	(een contract) starten	
zich	afsluiten voor		ww				
	afsnijden		ww*	afsnij, sneed af, afgesneden*	B1*		
	afspelen		ww*	speel af, afspeelde, afgespeeld*	B1*		
zich	afspelen		ww*	speel af, speelde af, afgespeeld*	B1*	gebeuren (bv. verhaal)	
de	afspiegeling		znw*	afspiegelingen; /*	B2*		
	afsplitsen		ww*	splits af, afsplitste, afgesplitst*	B2*		
de	afsplitsing		znw*	afsplitsingen; /*	B2*		
de	afspraak		znw*	afspraken; afspraakje*	A1	plan of regel die je samen maakt	Mia heeft om 9 u. een afspraak met de dokter.
	afspreken		ww*	afspreek, afsprak, afgesproken*	A2	een plan of regel maken	
	afstaan		ww*	sta af, afstond, afgestaan*	B2*		
	afstammen van		ww				
de	afstand		znw*	afstanden; afstandje*	A2	hoe ver het is	
	afstandelijk		bnw*	afstandelijke; afstandelijker, afstandelijkst*	B2*		
de	afstandsbediening		znw*	afstandsbedieningen; afstandsbedieninkje*	B1*		
het	afstapje		znw				
	afsteken		ww*	steek af, stak af, afgestoken*	B1*		
	afstemmen op		ww				
	afstevenen op		ww				
	afstoten		ww*	afstoot, afstootte, afgestoten*	B2*		
	afstraffen		ww*	straf af, afstrafte, afgestraft*	B2*		
	afstuderen		ww*	afstudeer, afstudeerde, afgestudeerd*	B1*	je studies met succes be√´indigen	
	aftakelen		ww*	aftakel, aftakelde, afgetakeld*	B2*		
de	aftershave		znw*	aftershaves; /*	B1*		
de	aftocht		znw*	aftochten; /*	B2*		
de	aftrap		znw*	aftrappen; aftrapje*	B2*		
	aftreden		ww*	aftreed, trad af, afgetreden*	B1*		
de	aftrek		znw*	aftrekken; /*	B1*		
	aftrekbaar		bnw*	aftrekbare; aftrekbaarder, aftrekbaarst*	B2*		
	aftrekken		ww*	aftrek, trok af, afgetrokken*	B1*		
de	aftrekpost		znw*	aftrekposten; aftrekpostje*	B2*		
	aftroeven		ww*	aftroef, troefde af, afgetroefd*	B2*		
	afvaardigen		ww*	vaardig af, vaardigde af, afgevaardigd*	B2*		
de	afvaardiging		znw*	afvaardigingen; /*	B2*		
het	afval		znw; znw*	/; /*	A2	dingen die je niet wil	
	afvallen		ww*	afval, viel af, afgevallen*	B1*	kilo's verliezen, dunner worden	
	afvegen		ww*	afveeg, veegde af, afgeveegd*	A2		
	afvloeien		ww*	afvloei, vloeide af, afgevloeid*	B2*		
de	afvoer		znw*	afvoeren; /*	B1*		
	afvoeren		ww*	afvoer, afvoerde, afgevoerd*	B1*		
zich	afvragen		ww*	vraag af, afvraagde, afgevraagd*	B1	nieuwsgierig zijn over iets	
	afvuren		ww*	vuur af, afvuurde, afgevuurd*	B1*		
	afwachten		ww*	wacht af, wachtte af, afgewacht*	B1		
de	afwachting		znw*	/; /*	B2*		
de	afwas		znw*	afwassen; afwasje*	B1	te wassen vaat	
de	afwasmachine		znw*	afwasmachines; afwasmachinetje*	B2*		
	afwassen		ww*	was af, waste af, afgewassen*	B1	de vaat wassen	
het	afweersysteem		znw*	afweersystemen; afweersysteempje*	B1*		
	afwegen		ww*	afweeg, afwoog, afgewogen*	B2*		
de	afweging		znw*	afwegingen; /*	B2*		
	afwenden		ww*	afwend, afwendde, afgewend*	B2*		
zich	afwenden van		ww				
	afwerken		ww*	afwerk, werkte af, afgewerkt*	B2*		
de	afwerking		znw*	afwerkingen; /*	B2*		
	afweten		ww*	/, /, /*	B2*	het laten ... = niet doen wat je belooft	
	afweten van		ww			vell kennis hebben over	
	afwezig		bnw*	afwezige; afweziger, afwezigst*	A2	niet hier	
	afwijken		ww*	afwijk, afweek, afgeweken*	B2*		
	afwijken van		ww				
de	afwijking		znw*	afwijkingen; afwijkinkje*	B1*		
	afwijzen		ww*	afwijs, afwees, afgewezen*	B1*		
de	afwikkeling		znw*	afwikkelingen; /*	B2*		
	afwisselen		ww*	afwissel, afwisselde, afgewisseld*	B1*		
	afwisselend		bnw*	afwisselende; afwisselender, afwisselendst*	B1*	alternerend	
de	afwisseling		znw*	afwisselingen; /*	B1*		
	afz.		znw; bnw*	/; /, /*	B2*	afzender	
	afzeggen		ww*	zeg af, afzegde, afgezegd*	B1*		
de	afzender		znw*	afzenders; /*	B1*		
de	afzet		znw*	afzetten; /*	B2*		
	afzetten		ww*	zet af, zette af, afgezet*	B2*	te veel doen betalen	
	afzetten		ww*	zet af, zette af, afgezet*	B2*	amputeren	
	afzien		ww*	zie af, zag af, afgezien*	B2*		
	afzienbaar		bnw*	afzienbare; afzienbaarder, afzienbaarst*	B2*		
	afzien van		ww				
	afzijdig		bnw*	afzijdige; afzijdiger, afzijdigst*	B2*		
	afzonderen		ww*	afzonder, afzonderde, afgezonderd*	B2*		
de	afzondering		znw*	afzonderingen; /*	B2*		
	afzonderlijk		bnw*	afzonderlijke; /, /*	B1	individueel, apart	
de	afzuigkap		znw*	afzuigkappen; /*	B1*		
	afzweren		ww; ww*	zweer af, afzweerde, afgezworen*	B2*		
de	agenda		znw*	agenda's; agendaatje*	A1	boek met datums en planning	Ik schrijf alle afspraken in mijn agenda.
de	agent		znw; znw*	agenten; agentje*	A2	1. persoon die iets voor iemand anders doet 2. politieman	
de	agente		znw*	agentes; /*	A2*		
	agrarisch		bnw*	agrarische; agrarischer, /*	B2*		
de	agressie		znw*	agressies; /*	B1*		
	agressief		bnw*	agressieve; agressiever, agressiefst*	B1*		
de	aids		znw*	/; /*	A2*		
de	airbag		znw*	airbags; /*	B1*		
de	airconditioning		znw*	airconditionings; /*	B1*		
de	AIVD		znw*	/; /*	B2*	Algemene Inlichtingen- en Veiligheidsdienst	
de	ajuin		znw*	ajuinen; ajuintje*	B2*	(BE) ui	
	akelig		bnw*	akelige; akeliger, akeligst*	B2*		
de	akker		znw*	akkers; akkertje*	B1*		
	akkoord		znw; tsw; bnw*	/; /, /*	B1	van dezelfde mening	
het	akkoord		znw; tsw; bnw*	akkoorden; akkoordje*	B1	overeenkomst, afspraak	
het	akkoord		znw; tsw; bnw*	akkoorden; akkoordje*	B1*	harmonie: noten die je samenspeelt (muziek)	
de	akoestiek		znw*	/; /*	B2*		
de	akte		znw*	akten; /*	B2*		
	al		bw; vnw; ovw; znw*	*	A2*	... +de	
	al		bw; vnw; ovw; znw*	*	A2	‚Üî nog	
	al		bw; vnw; ovw; znw*	*	B2	zelfs in het geval dat	
het	alarm		znw*	alarmen; alarmpje*	B1*	sirene	
het	album		znw*	albums; albumpje*	B1	collectie met foto's of liedjes	
de	alcohol		znw*	alcoholen; /*	A2*		
	aldoor		bw*	*	B2	voortdurend, onophoudelijk	
	aldus		bw*	*	B2	zo zegt	
	aleer		ovw*	*	B2*	voordat	
	alert		bnw*	alerte; alerter, alertst*	B2*		
het	alfabet		znw*	alfabetten; /*	A1	letters in een taal	
	alfabetisch		bnw*	alfabetische; alfabetischer, /*	B2*		
	algeheel		bnw*	algehele; /, /*	B2*		
	algemeen		bnw; znw*	algemene; algemener, algemeenst*	A2	globaal, niet specifiek	
	alhoewel		ovw*	*	B2*		
	alias		znw; bw*	*	B2*		
het	alibi		znw*	alibi's; /*	B2*		
de	alimentatie		znw*	alimentaties; alimentatietje*	B2*		
de	alinea		znw*	alinea's; alineaatje*	B1*		
	Allah		znw			Arabische naam voor God (gebruikt in de Islam)	
	allang		bw*	*	B2*		
	alle		vnw*	*	A2*	al + de	
	allebei		tw*	*	A2	alletwee; beide	
	alledaags		bnw*	alledaagse; alledaagser, alledaagst*	B2*		
	alleen		bnw; bw*	*	A1	zonder andere(n)	
	alleen		bnw; bw*	*	A2*	niks anders	
	alleenstaand		bnw*	alleenstaanden; /, /*	B1*		
	allemaal		vnw; bw*	*	A2	alles, allen	
	allen	…ël…ô(n)	vnw*	*	A2	iedereen	
	allengs		bw*	*	B2*	beetje bij beetje meer	
	aller-					van allemaal	
	allereerst		bnw*	/; /, allereerst*	B2*	voor alles anders	
de	allergie		znw*	allergie√´n; /*	B1*		
	allerhande		znw; vnw*	*	B2*		
	Allerheiligen		znw*	/; /*	B2*	feestdag van alle heiligen op 1 november	
	allerlei	…ël…ôrl…õi	vnw; znw*	*	A2	diverse; veel soorten	.
	allerminst		vnw*	*	B2*		
	Allerzielen		znw*	/; /*	B2*	feestdag voor de doden op 2 november	
	alles		vnw; znw*	*	A1	alle dingen	
	allesbehalve		bw*	*	B2*		
	alleszins		bw*	*	B2*		
de	alliantie		znw*	allianties; alliantietje*	B2*		
	allicht		bw*	*	B2*	natuurlijk, bijna zeker	
	allochtoon		bnw; znw*	allochtone; allochtoner, allochtoonst*	B1*	uit een ander land (daar geboren of via familie)	
de	allochtoon		bnw; znw*	allochtonen; allochtoontje*	B1*	persoon uit een ander land (daar geboren of via familie)	
	allround		bnw; znw*	/; /, /*	B2*	in alle aspecten, op alle vlakken	
	allure		znw*	allures; /*	B2*		
	alom		bw*	*	B2*	overal, in vele plaatsen	
	alomtegenwoordig		bnw*	alomtegenwoordige; /, /*	B2*		
	als		ovw*	*	A2	wanneer; op het moment dat	Als het winter is, is het vaak koud.
	als		ovw*	*	A2	in de situatie dat	Laat maar weten als je niet kunt komen.
	alsjeblieft		tsw*	*	A1	‚Üî dank je wel	Alsjeblieft, hier is je vijf euro. Kan je het raam openen, alsjeblieft?
	alsmede		ovw*	*	B2*		
	alsnog		bw*	*	B2*		
	alsof		ovw*	*	A2		
	alstublieft		tsw*	*	A1	‚Üî dank u wel	Alstublieft, hier is de rekening. Voor mij een espresso, alstublieft.
de	alt		znw; znw*	/; /*	B2*		
het	altaar		znw*	altaren; altaartje*	B1*		
	alternatief		bnw; znw*	alternatieve; alternatiever, alternatiefst*	B2*		
het	alternatief		bnw; znw*	alternatieven; alternatiefje*	B2*		
	althans		bw; ovw*	*	B1	tenminste, in elk geval	
	altijd		bw*	*	A1	‚Üî nooit	
	altru√Østisch		bnw*	altru√Østische; altru√Østischer, /*	B2*		
het	aluminium		bnw; znw*	/; /*	B1*		
	alvast		bw*	*	A2	voordat iets gebeurt	Ok√©, ik zal alvast tickets kopen voor morgen.
	alvorens		ovw*	*	B2*		
	alweer		bw*	*	A2	opnieuw, voor de zoveelste keer	Hij heeft alweer een nieuwe vriendin!
de	alzheimer		znw*	/; alzheimertje*	B1*		
	a.m.		bw*	*	B2*	ante meridiem: voor de middag	
de	amandel		znw*	amandels; amandeltje*	B2*		
het	ambacht		znw*	ambachten; ambachtje*	B1*	beroep met handwerk	
	ambachtelijk		bnw*	ambachtelijke; ambachtelijker, ambachtelijkst*	B2*	op traditionele wijze	
de	ambassade		znw*	ambassades; ambassadetje*	B1		
de	ambassadeur		znw*	ambassadeurs; ambassadeurtje*	B1*		
de	ambassadrice		znw*	ambassadrices; /*	B2*		
	ambetant		bnw*	ambetante; ambetanter, ambetantst*	B2*		
de	ambiance		znw*	ambiances; /*	B2*		
de	ambitie		znw*	ambities; ambitietje*	B2*		
	ambitieus		bnw*	ambitieuze; ambitieuzer, ambitieust*	B2*		
	ambivalent		bnw*	ambivalente; ambivalenter, ambivalentst*	B2*		
het	ambt		znw*	ambten; ambtje*	B2*		
	ambtelijk		bnw*	ambtelijke; ambtelijker, ambtelijkst*	B2*		
de	ambtenaar		znw*	ambtenaars; ambtenaartje*	B1		
de	ambulance		znw*	ambulances; ambulancetje*	B1*		
de	amfibie		znw*	amfibie√´n; amfibietje*	B2*		
de	amnestie		znw*	amnestie√´n; /*	B2*		
	amper		bw*	*	B2*		
de	ampersand		znw*	ampersands; /*	B2*	symbool: &	
	amputeren		ww*	amputeer, amputeerde, geamputeerd*	B2*		
	amusant		bnw*	amusante; amusanter, amusantst*	B2*		
het	amusement		znw*	/; /*	B2*		
	amuseren		ww*	amuseer, amuseerde, geamuseerd*	B2*		
zich	amuseren		ww*	amuseer, amuseerde, geamuseerd*	B2*		
de	amv		znw*	amv's; /*	B2*		
de	analfabeet		znw; bnw*	analfabeten; analfabeetje*	B2*		
de	analist		znw*	analisten; analistje*	B2*		
de	analyse		znw*	analysen; analysetje*	B1		
	analyseren		ww*	analyseer, analyseerde, geanalyseerd*	B1		
de	ananas		znw*	ananassen; ananasje*	B2*	üçç soort fruit	Eet jij graag pizza met ananas?
de	anarchie		znw*	anarchie√´n; /*	B2*		
de	anantomie						
	ander		vnw; bnw*	andere; /, /*	A1	niet dezelfde	
	anderhalf		tw*	anderhalve	A2	1,5	Het brood kost anderhalve euro.
	andermaal		bw*	*	B2*		
	andermans		vnw*	*	B2*		
	anders		bnw; bw*	*	A2	‚â†, niet op dezelfde manier	
	anders		bnw; bw*	*	A2	zo niet	
	andersom		bw*	*	B1*		
	anderzijds		bw*	*	B1	aan de andere kant	
de	andijvie		znw*	/; /*	B1*		
de	anekdote		znw*	anekdotes; anekdotetje*	B2*		
de	angel		znw*	angels; angeltje*	B1*		
de	angst		znw*	angsten; angstje*	B1	schrik; bang gevoel	
	angstaanjagend		bnw*	angstaanjagende; angstaanjagender, angstaanjagendst*	B2*		
	angstig		bnw*	angstige; angstiger, angstigst*	B1	bang en nerveus	
	angstvallig		bnw*	angstvallige; angstvalliger, angstvalligst*	B2*		
de	anijs		znw*	/; /*	B2*		
de/het	animo		znw*	/; /*	B2*		
de	anjer		znw*	anjers; anjertje*	B2*		
het	anker		znw; znw*	ankers; ankertje*	B1*		
	annex		ovw*	*	B2*		
	anno		bw*	*	B2*	in het jaar	
	annuleren		ww*	annuleer, annuleerde, geannuleerd*	B1*		
	anoniem		bnw*	anonieme; anoniemer, anoniemst*	B1*		
het	ANP		znw*	/; /*	B2*		
de	ansichtkaart		znw*	ansichtkaarten; ansichtkaartje*	B2*		
de	antenne		znw*	antennen; antennetje*	B1*		
	anti		vz*	*	B2*		
het	antibioticum		znw*	antibiotica; /*	B2*		
	anticiperen		ww*	anticipeer, anticipeerde, geanticipeerd*	B2*		
de	anticonceptie		znw*	/; /*	B2*		
de	anticonceptiepil		znw*	anticonceptiepillen; anticonceptiepilletje*	B2*		
het	antidepressivum		znw*	antidepressiva; /*	B2*		
	antiek		znw; bnw*	antieke; antieker, antiekst*	B1		
het	antiek		znw; bnw*	/; /*	B1*		
het	antigifcentrum		znw*	antigifcentra; /*	B2*		
de	antiheld		znw*	antihelden; /*	B2*		
de	antipathie		znw*	antipathie√´n; /*	B2*		
	antipathiek		bnw*	antipathieke; antipathieker, antipathiekst*	B2*	onsympathiek	
de	antiquair		znw*	antiquairs; /*	B2*		
het	antwoord		znw*	antwoorden; antwoordje*	A1	‚Üî vraag	Het antwoord op vraag 11 is ‚ÄúC‚Äù.
het	antwoordapparaat		znw*	antwoordapparaten; antwoordapparaatje*	B2*		
	antwoorden		ww*	antwoord, antwoordde, geantwoord*	A2	antwoord geven	
de	anus		znw*	anussen; /*	B2*		
de	ANWB		znw*	/; /*	B2*		
de	AOW		znw; znw*	aow's; aow'tje*	B1*		
	apart		bnw*	aparte; aparter, apartst*	A2	niet samen	
het	apenstaartje					symbool: @	
het	aperitief		znw*	aperitieven; aperitiefje*	B2*		
de	apin		znw*	apinnen; apinnetje*	B2*		
de	apk		znw*	apk's; /*	B2*		
de	apotheek		znw*	apotheken; apotheekje*	A2	waar je medicamenten koopt	Ik koop Ibuprofen bij de apotheek.
de	app		znw*	apps; appje*	B1*		
het	apparaat		znw*	apparaten; apparaatje*	A2	toestel, machine	
de	apparatuur		znw*	/; /*	B1*		
het	appartement		znw*	appartementen; appartementje*	B1	flat	Woon je in een appartement?
het	appartementsgebouw		znw*	appartementsgebouwen; appartementsgebouwtje*	B2*		
de	appel		znw; znw*	appelen; appeltje*	A2	rond fruit: üçè	Boris eet elke dag een appel.
het	appel		znw; znw*	appels; appelletje*	A2*		
de	appelflap		znw*	appelflappen; appelflapje*	B1*		
de	appelmoes		znw*	/; appelmoesje*	A2*		
de	appelsien		znw*	appelsienen; appelsientje*	B2*	(BE) groot rond oranje fruit: üçä	
	appeltje, eitje					gemakkelijk	
	appen		ww*	app, appte, geappt*	B1*		
	april		znw*	aprillen; /*	A1	4de maand	
de	aquarel		znw*	aquarellen; aquarelletje*	B2*		
het	aquarium		znw*	aquariums; aquariumpje*	B1*	bak met water voor bv. vissen, waterplanten, ...	
het	aquarium		znw*	aquariums; aquariumpje*	B1*	gebouw met grote aquaria, soort waterdierentuin	
de	ara		znw*	ara's; /*	B2*	soort papegaai	
de	Arabier		znw*	arabieren; arabiertje*	B2*		
	Arabisch		bnw; znw*	arabische; arabischer, /*	B2*		
	Aramees		bnw; znw*	aramese; arameser, arameest*	B2*		
de	arbeid		znw*	/; /*	A2	werk, vaak hard en/of fysiek	
de	arbeider		znw*	arbeiders; arbeidertje*	A2	persoon die (vaak fysiek) werk doet	
het	arbeidsbureau		znw*	arbeidsbureaus; arbeidsbureautje*	B1*		
het	arbeidshof		znw*	arbeidshoven; /*	B2*		
de	arbeidsmarkt		znw*	arbeidsmarkten; arbeidsmarktje*	B1*		
de	arbeidsomstandigheden		znw*	arbeidsomstandigheden; /*	B2*		
	arbeidsongeschikt		bnw*	arbeidsongeschikte; arbeidsongeschikter, arbeidsongeschiktst*	B1*		
de	arbeidsrechtbank		znw*	arbeidsrechtbanken; /*	B2*		
de	arbeidsvoorwaarden						
de	arbiter		znw*	arbiters; /*	B2*		
het	Arbitragehof		znw*	/; /*	B2*	(BE)	
de	arbodienst		znw*	arbodiensten; /*	B1*	(NL)	
	arceren		ww*	arceer, arceerde, gearceerd*	B2*	vullen of inkleuren met parallelle lijntjes	
de	archeologie		znw*	/; /*	B2*		
	archeologisch		bnw*	archeologische; archeologischer, /*	B2*		
de	archeoloog		znw*	archeologen; /*	B2*		
het	archetype		znw*	archetypen; /*	B2*		
het	archief		znw*	archieven; archiefje*	B2*		
de	architect		znw*	architecten; architectje*	B1*		
de	architectuur		znw*	architecturen; architectuurtje*	B2*		
de	are		znw*	ares; /*	B2*		
de	arena		znw*	arena's; arenaatje*	B2*		
de	arend		znw*	arenden; arendje*	B2*		
	argeloos		bnw*	argeloze; argelozer, argeloost*	B2*		
het	argument		znw*	argumenten; argumentje*	B1	reden in een discussie	
de	argumentatie		znw*	argumentaties; /*	B2*		
de	argusogen		znw*	argusoog; argusoogjes*	B2*		
de	argwaan		znw*	/; /*	B2*		
	argwanen						
	arm		bnw; znw*	arme; armer, armst*	A2	niet rijk	
de	arm		bnw; znw*	armen; armpje*	A1	‚Üî been	
de	armband		znw*	armbanden; armbandje*	B1*		
	armetierig		bnw*	armetierige; armetieriger, armetierigst*	B2*		
de	armoe		znw*	/; /*	B2*		
de	armoede		znw*	/; armoedje*	B1*		
	armoedig		bnw*	armoedige; armoediger, armoedigst*	B1*		
	armzalig		bnw*	armzalige; armzaliger, armzaligst*	B2*		
het	aroma		znw*	aroma's; /*	B2*		
	aromatisch		bnw*	aromatische; aromatischer, /*	B2*		
het	arrangement		znw*	arrangementen; arrangementje*	B2*		
	arrangeren		ww*	arrangeer, arrangeerde, gearrangeerd*	B2*		
het	arrest		znw*	arresten; /*	B2*		
de	arrestant		znw*	arrestanten; arrestantje*	B2*		
	arresteren		ww*	arresteer, arresteerde, gearresteerd*	B1*		
	arriveren		ww*	arriveer, arriveerde, gearriveerd*	B2*		
	arrogant		bnw*	arrogante; arroganter, arrogantst*	B1*		
het	arrondissement		znw*	arrondissementen; /*	B2*		
	articuleren		ww*	articuleer, articuleerde, gearticuleerd*	B2*		
de	artiest		znw*	artiesten; artiestje*	B1*		
het	artikel		znw*	artikels; artikeltje*	A2	stuk in een krant of magazine	
het	artikel		znw*	artikels; artikeltje*	A2	product in een winkel	
	artistiek		bnw*	artistieke; artistieker, artistiekst*	B2*		
de	arts		znw*	artsen; artsje*	A2	dokter	
de	as		znw; znw; znw*	assen; asje*	A2*		
	a.s.		bnw*	/; /, /*	B2*		
de	asbak		znw*	asbakken; asbakje*	A2*		
het	asbest		znw*	/; /*	B1*		
het	asfalt		znw*	/; /*	B1*		
het	asiel		znw; znw*	asiels; /*	B2	plaats waar je dieren adopteert	
de	asielzoeker		znw*	asielzoekers; asielzoekertje*	A2*		
het	asielzoekerscentrum		znw*	asielzoekerscentrums; /*	B2*		
het	a.s.o.						
	asociaal		bnw; znw*	asociale; asocialer, asociaalst*	B1*		
het	aspect		znw*	aspecten; aspectje*	A2		
de	asperge		znw*	asperges; aspergetje*	B1*		
de	aspirant		znw*	aspiranten; aspirantje*	B2*		
de	aspiratie		znw*	aspiraties; /*	B2*		
de	aspirine		znw*	aspirines; aspirientje*	A2*		
	assertief		bnw*	assertieve; assertiever, assertiefst*	B2*		
de	assisen		znw*	assisen; /*	B2*		
de	assistent		znw*	assistenten; assistentje*	A2	man die assisteert of helpt	
de	assistente		znw*	assistentes; /*	A2	vrouw die assisteert of helpt	
	assisteren		ww*	assisteer, assisteerde, geassisteerd*	B2*		
de	associatie		znw*	associaties; /*	B2	vereniging (bv. economisch) van mensen	
de	associatie		znw*	associaties; /*	B2	psychologische relatie tussen twee idee√´n	
	associ√´ren		ww*	associeer, associeerde, geassocieerd*	B2*		
het	assortiment		znw*	assortimenten; assortimentje*	B2*		
de	astma		znw*	astma's; /*	B1*		
de	astrologie		znw*	/; /*	B2*		
de	astronaut		znw*	astronauten; astronautje*	B2*		
de	astronaute		znw*	astronautes; /*	B2*		
de	astronomie		znw*	/; /*	B2*		
het	atelier		znw*	ateliers; ateliertje*	B2*		
het	atheneum		znw*	athenea; atheneumpje*	B2*		
	Atlantisch		bnw*	atlantische; atlantischer, /*	B1*		
de	atlas		znw; znw*	atlassen; atlasje*	B1*		
de	atleet		znw*	atleten; atleetje*	B1*		
de	atlete		znw*	atletes; /*	B1*		
de	atletiek		znw*	/; /*	B1*		
de	atmosfeer		znw*	atmosferen; atmosfeertje*	B2*		
het	atoom		znw*	atomen; atoompje*	B2*		
de	atoombom		znw*	atoombommen; /*	B1*		
	attent		bnw*	attente; attenter, attentst*	B2*		
de	attentie		znw*	attenties; /*	B2*		
de	attractie		znw*	attracties; /*	B1*		
het	attribuut		znw*	attributen; attribuutje*	B2*		
	au		tsw; znw*	*	B1*		
	a.u.b.		tsw*	*	B2*		
de	aubergine		znw; bnw; znw*	aubergines; /*	B2*		
de	audio		znw*	audio's; /*	B2*		
de	audioapparatuur		znw*	/; /*	B2*		
de	auditie		znw*	audities; /*	B2*		
de	augurk		znw*	augurken; augurkje*	B1*		
	augustus		znw*	augustussen; /*	A1	8ste maand	Mijn verjaardag is in augustus.
de	aula		znw*	aula's; aulaatje*	B1*		
de	auteur		znw*	auteurs; /*	A2	schrijver	
	authentiek		bnw*	authentieke; authentieker, authentiekst*	B2*		
de	auto		znw*	auto's; autootje*	A1	bv. Volkswagen, BMW, Renault, ‚Ä¶	Raymond gaat met de auto naar het werk.
de	autobelasting		znw*	autobelastingen; /*	B2*		
de	autobiografie		znw*	autobiografie√´n; autobiografietje*	B2*		
de	autobus		znw*	autobussen; autobusje*	B1*		
	autochtoon		bnw; znw*	autochtone; autochtoner, autochtoonst*	B1*		
de	autochtoon		bnw; znw*	autochtonen; autochtoontje*	B1*		
de	automaat		znw*	automaten; automaatje*	B1*		
	automatisch		bnw*	automatische; automatischer, /*	A2	vanzelf	
	automatiseren		ww*	automatiseer, automatiseerde, geautomatiseerd*	B2*	automatisch maken	
de	automatisering		znw*	automatiseringen; automatiserinkje*	B2*		
de	automobilist		znw*	automobilisten; automobilistje*	B1*		
de	automobiliste		znw*	automobilistes; /*	B1*		
de	autonomie		znw*	/; autonomietje*	B2*		
	autonoom		bnw; znw*	autonome; autonomer, autonoomst*	B2*		
de	autoped		znw*	autopeds; autopedje*	B2*		
	autorijden		ww*	rij auto, reed auto, autogereden*	A2		
	autoritair		bnw*	autoritaire; autoritairder, autoritairst*	B2*		
de	autoriteit		znw*	autoriteiten; autoriteitje*	B2*		
de	autostop		znw*	autostops; /*	B2*	(BE) liften	
de	autostrade		znw*	autostrades; /*	B2*	(BE) snelweg, straat waar je tot 120km/u rijdt	
de	autoweg		znw*	autowegen; autoweggetje*	A2	deel van een straat voor auto‚Äôs	
de	avances		znw				
de	avatar		znw*	avatars; /*	B2*		
	averechts		bnw*	averechtse; averechtser, averechtst*	B2*		
de	averij		znw*	averijen; /*	B2*		
de	avocado		znw*	avocado's; avocadootje*	B2*		
de	avond		znw*	avonden; avondje*	A1	periode van ¬± 18 u. tot 24 u.	
het	avondeten		znw; ww*	/; avondetentje*	A2	eten om ¬± 18 u.	
de	avondkrant		znw*	avondkranten; avondkrantje*	B2*		
het	avondmaal		znw*	avondmalen; avondmaaltje*	B2*	diner, eten om ¬± 18 u.	
de	avondvierdaagse		znw*	avondvierdaagses; /*	B2*		
de	avonturier		znw*	avonturiers; /*	B2*		
het	avontuur		znw*	avonturen; avontuurtje*	B1		
	avontuurlijk		bnw*	avontuurlijke; avontuurlijker, avontuurlijkst*	B1		
de	AVRO		znw*	/; /*	B2*		
de	ayatollah		znw*	ayatollas; /*	B2*		
het	azc		znw*	azc's; /*	B2*	azielzoekerscentrum	
	azen op		ww		C1		
de	azijn		znw*	azijnen; /*	A2		
